B_COUNTRY,N_weighted,N_respondents,Q64P,Q65P,Q66P,Q67P,Q68P,Q69P,Q70P,Q71P,Q72P,Q73P,Q74P,Q75P,Q76P,Q77P,Q78P,Q79P,Q80P,Q81P,Q82P,Q83P,Q84P,Q85P,Q86P,Q87P,Q88P,Q89P,Q292A,Q292B,Q292C,Q292D,Q292E,Q292F,Q292G,Q292H,Q292I,Q292K,Q292O,Q57P,Q58P,Q59P,Q60P,Q61P,Q62P,Q63P
20,1004.0,1004,2.002002002002002,,2.245,2.207792207792208,1.8827726809378185,2.883,2.577194752774975,2.4417670682730925,1.9574036511156188,2.236012207527976,2.5065065065065064,2.9106957424714435,2.430327868852459,2.3997985901309162,2.056,2.7203219315895373,2.768679631525077,2.6720160481444335,2.415492957746479,2.412298387096774,2.0368852459016393,2.3787409700722395,2.162551440329218,2.0133196721311477,2.751765893037336,2.286591606960082,,,,,,,,,,,,1.2557442557442557,3.8157370517928286,2.7208374875373877,3.2662013958125624,2.058058058058058,2.525783619817998,2.590909090909091
32,1002.999999911,1003,2.665381605179978,2.210061820078324,2.108165973798011,2.138115344722234,1.7885388810481788,2.091738601464451,1.8425402747977002,2.031788111169807,1.6992469976286377,1.8790731252702102,1.8600260095277967,2.9103567182263395,2.134564524637954,2.126824269092858,2.0940946890146046,2.611758652969298,2.393618214241679,2.804476043205933,2.107779010230837,2.007181051103139,1.6919811162413754,1.8265833616514005,1.9903391387296268,1.677560185000452,2.6123981473492304,1.5008844629889633,,,,,,,,,,,,1.2010431065205074,3.847613131422372,3.003409366855876,3.022379969753078,2.1316689764398533,2.6424375792383215,2.570951539553249
36,1813.000000039,1813,2.1029317991467806,3.0989079841191085,1.9392222673751796,1.9905993748208468,2.102867590723819,3.0626059916619726,2.6505034847779676,2.1567952602858713,1.8497527627452044,2.142061086738463,2.468692499555662,2.8287763331841043,2.6433783502966675,2.266688118939801,2.1910898778232077,2.595489770766554,2.7325731102446005,2.5951472700958753,,2.547265890828898,2.3076317244173628,2.51551014905634,2.441236403159586,2.2956499846187226,2.8221887265850794,2.4001706608313698,,,,,,,,,,,,1.4893654332939552,3.7351770429343345,2.8462507250575886,3.3423714256511894,2.3769190553816415,2.7519121711186267,2.7888899178669178
50,1200.0,1200,3.9275,3.3389121338912133,2.8926174496644297,3.001676445934619,2.7113043478260868,2.4308466051969826,3.010126582278481,3.109519797809604,2.361774744027304,3.0077186963979416,2.884304932735426,3.358540925266904,2.7037037037037037,2.7902790279027903,2.9905741216795203,2.7428307123034226,2.860146252285192,2.7249757045675413,2.8162100456621006,3.013727560718057,2.7916666666666665,2.819059107358263,2.552891396332863,3.123867069486405,2.9474285714285715,2.730120481927711,,,,,,,,,,,,1.1292743953294413,3.9841534612176814,3.199332777314429,2.818718381112985,1.8770903010033444,2.1041490262489417,1.8221447253705318
51,1223.00000089,1223,3.073527184013285,3.043222604794537,1.5970099307270413,1.7470085145676668,1.6619159634099374,2.3059814371947827,1.9217332398914224,2.080851588735854,1.5577897478664078,1.740953121968588,2.245422162780434,2.6889664558833517,1.954285704632724,2.24055553148665,2.402262481013953,2.305045517548903,2.314795357475496,2.502553192531128,2.048395120964218,2.0512408504285013,2.112156258197526,2.225335175886929,1.9182240479974895,2.365434207758934,2.360778101271552,2.2422051687636815,,,,,,,,,,,,1.085125855294617,3.9229223002864892,2.7951041336666043,2.9956107168418726,1.852305835636124,1.8349288977093214,2.0661965067846575
68,2067.0,2067,2.627431906614786,2.1378284581060982,2.1502718734552646,2.1829745596868886,1.8901044256588762,1.8350315380883067,1.820010055304173,2.0564833005893908,1.600685938265556,1.7158859470468433,1.8098522167487685,2.6248751248751248,2.1164953499755264,2.191339375629406,2.542014742014742,2.521025641025641,2.485392106611994,2.44258872651357,2.011921458625526,2.005780346820809,1.9579158316633267,2.08300395256917,1.823008849557522,2.1364795918367347,2.5545505935556814,2.1625,,,,,,,,,,,,1.0859794821690278,3.35188770571152,2.1473582161900144,2.4657267865824015,1.5007270964614638,2.0309278350515463,1.6815286624203822
76,1761.999999976,1762,2.749133252706191,2.702766036469254,2.1066733014005465,2.0356180696410804,2.0466207163601826,2.450853705347033,2.4047579803799617,1.7132247513251397,1.4696646805343898,1.5486388920077254,2.3533230205386952,2.9656535719215475,1.8014141719561387,2.4430829309529165,2.393456716739197,2.654706699081716,2.7386104340837303,2.7494081779940145,2.1948323482293675,2.350433285086013,2.0121636106187983,2.188363251279073,2.124357109919855,2.1415754413861814,2.4741126724037086,2.3124086236405033,,,,,,,,,,,,1.0664794357829537,3.454967054252452,2.4588200177864215,2.618607042139133,1.7987639478287243,2.469531614351603,2.0945690452242594
104,1200.0,1200,3.2816666666666667,2.026666666666667,2.5725,3.078333333333333,2.8541666666666665,2.5791666666666666,2.5808333333333335,3.1016666666666666,2.754166666666667,2.921666666666667,2.9408333333333334,3.1225,2.985,2.754166666666667,3.1791666666666667,3.0658333333333334,3.2641666666666667,3.5033333333333334,3.0175,3.0516666666666667,2.763333333333333,2.7158333333333333,2.4358333333333335,3.205,3.4541666666666666,2.9675,3.1933333333333334,3.545,3.3333333333333335,3.63,2.8583333333333334,3.2158333333333333,3.0841666666666665,3.1425,2.5533333333333332,3.2158333333333333,3.8541666666666665,1.1508333333333334,3.7408333333333332,2.8408333333333333,2.924166666666667,2.2708333333333335,1.8883333333333334,1.8675
124,4018.000206777,4018,2.2658992293728604,2.893403316460364,2.316600208841304,2.2594034305650412,2.332475769425997,2.791763447028006,2.59317046189273,2.3764550351515075,2.0566150410456223,2.365572532194875,2.55546289140942,2.8173376751434462,2.550356581786191,2.2898976992809414,2.505109006100068,2.613184823419234,2.7277968084784363,2.633033776016718,2.2563623549821203,2.563075522120441,2.355251020849492,2.4883211108229033,2.573077473271219,2.391804061812825,2.691903930781031,2.420824873757614,,,,,,,,,,,,1.4669301405832718,3.565686309100319,2.932557228992935,3.368979214695516,2.42578399351236,2.8778635929109004,2.9193831007498052
152,999.5343632280001,1000,2.355838943944859,2.4336414322866964,2.359089454891595,2.5692894818394527,2.398587690988356,2.4144218879954713,2.1119498139903707,2.1676403712705707,1.7129323389283175,1.8780388951127935,2.163820181599496,2.8393881564739307,2.5227574412646083,2.2387585432815804,2.318220507381099,2.634114748341815,2.6784198217716333,2.694705305095568,2.4490411452238474,2.412409052825039,2.3052837569609825,2.446878141401207,2.282016589240679,2.1990962500144797,2.4255312786750935,2.258528314579044,,,,,,,,,,,,1.1318578895943692,3.59854973304775,2.7524907001283663,2.608121101455154,2.011271281338609,2.291782868048724,2.2688706794758224
156,3036.000000129,3036,1.9855321782268678,3.444271656110822,2.778431172531855,2.8339658219697808,2.749432870627364,3.115933929992775,3.135306822380281,3.419975730424968,3.267968686528774,3.3025729852935637,3.1139603833330023,3.189628508457944,2.647820948917928,2.7753485693945277,3.158244322293149,2.9298973273365245,2.97454826855969,2.8428350272775664,,,,,,,,,,,,,,,,,,,,1.6397954709647238,3.844752409004351,2.989086175970081,3.01703129677125,1.9503205317072771,1.9716134575373057,1.911041019476566
158,1223.000000007,1223,2.576750690624889,2.731485596424994,2.083012590539626,2.1231988410150024,2.551874713916531,2.997446790880079,2.567588032284511,2.479091759116384,2.000141209324604,2.1256195348477473,2.66995209795836,2.79408380564526,2.184830421130556,2.626771236553191,2.970929189917619,2.79343188391805,2.8807458507403747,2.6646892848276678,,2.503312695769668,2.597198872853335,2.610340192442573,2.5454672610923366,2.745235477407242,2.8888300236899496,2.7393756597913503,,,,,,,,,,,,1.307917883398074,3.7802112017952076,2.8851191797749833,3.159131131726808,2.176583612359578,2.5191598828359494,2.366540553342955
170,1520.0,1520,2.813815789473684,2.454605263157895,2.017763157894737,2.0401315789473684,1.8927631578947368,2.167105263157895,1.9098684210526315,1.8828947368421052,1.6953947368421052,1.6927631578947369,1.7868421052631578,2.6714944042132984,1.8927631578947368,2.2394736842105263,2.2282894736842107,2.556578947368421,2.591447368421053,2.4625,1.9267100977198697,2.2235979606700655,2.060492905153099,2.0774962742175855,1.9709443099273607,2.098876404494382,2.4269583627381794,2.1728395061728394,,,,,,,,,,,,1.0453947368421053,3.5460526315789473,2.3526315789473684,2.543421052631579,1.6993421052631579,2.0875,1.9210526315789473
196,1000.0,1000,2.8116018863847083,2.765424786635879,2.2311326104923603,2.3559994009244725,2.1773502364719763,2.5285051463668986,2.5043403632061203,2.21213105486034,1.7707267729501655,2.011557764255679,2.3768641693211188,2.9325242094309103,2.3701423050455452,2.237679391567913,1.7973006631220114,2.5613058489104845,2.597708015355333,2.6406778841796497,2.350244847471791,2.185285730978863,1.9795647768147533,2.441640296635347,1.899576638622139,1.9971815907774046,2.6007606094335705,2.189068722123543,,,,,,,,,,,,1.0675651741040104,3.8541272191485114,2.825715173227086,2.9674999765391545,1.6771593501828481,2.0538530440492404,2.0531387791065843
203,1199.999999965,1200,2.1490492855973544,2.503063962730784,2.3187834129214315,2.5103988081776625,2.4744859600412163,2.7810383435808435,2.6469500338182783,2.1471240702624415,1.9577626676713764,2.2134615529224213,2.5345424714941194,2.95503355285802,2.509937618118987,2.512589778265008,2.6642095121919103,2.410669885748691,2.459194144614952,2.5895156431655066,2.4082774068611097,2.5453779799274883,2.479352584940374,2.590343889743958,2.5022084550197548,2.556414253542089,2.5394975594759837,2.457488614509042,,,,,,,,,,,,1.370389459715555,3.594207256016441,2.8858185502154807,3.143242254809701,2.2457637517999722,2.3984492036648963,2.3319373362924583
218,1200.0,1200,3.131051752921536,2.6767932489451476,2.1986531986531985,2.299159663865546,2.041773231031543,2.5571309424520434,2.285351397121084,2.088532883642496,1.6910159529806885,1.8319327731092436,1.6564885496183206,2.9623115577889445,2.177405857740586,2.451939291736931,2.5477386934673367,2.7327731092436975,2.7901023890784984,2.7765598650927488,2.2308429118773945,2.3330404217926186,2.2161921708185055,2.2627345844504023,2.1235521235521237,2.263963963963964,2.745516652433817,2.4865100087032204,,,,,,,,,,,,1.058623619371283,3.4323873121869783,2.2454090150250416,2.3430717863105177,1.4720133667502089,1.8565400843881856,1.7356418918918919
231,1230.0,1230,3.617575264442636,3.0633861551292743,2.2878932316491896,2.4500434404865334,2.494219653179191,2.601973684210526,2.7367109634551494,2.8065843621399176,2.0108499095840866,2.487619047619048,2.5896180215475026,2.863481228668942,2.5942028985507246,2.6992818671454217,3.516872427983539,2.85178727114211,2.8581818181818184,2.949820788530466,2.634506242905789,2.681919642857143,2.472622478386167,2.3729071537290714,2.1686746987951806,2.8960096735187424,3.009445100354191,2.492040520984081,3.3581833761782347,3.560204953031597,2.4797891036906856,2.9751499571550983,2.8909871244635195,3.5017035775127767,2.529616724738676,3.332173913043478,3.319542253521127,2.8550218340611355,3.2574850299401197,1.1190864600326265,3.872357723577236,3.096826688364524,2.7110204081632654,2.33442088091354,2.4198036006546646,1.9441624365482233
276,1528.0,1528,2.236914600550964,2.587775408670931,2.2496662216288383,2.2026755852842808,2.474852071005917,3.0932539682539684,2.919376693766938,2.3766846361185983,2.091655266757866,2.3728581220013707,2.670945945945946,3.0255447032306537,2.873740765614506,2.0705479452054796,2.1465689540306463,2.7252595155709343,2.781126090404441,2.726008344923505,2.4209431345353676,2.4567548248749107,2.1391912908242614,2.692015209125475,2.4581464872944694,2.1282843894899535,2.7978181818181818,2.32412672623883,,,,,,,,,,,,1.459514170040486,3.831254103742613,2.941567065073041,3.2093791281373845,2.1945945945945944,2.6050295857988166,2.6319595083152567
300,1200.2325615680002,1200,2.8362201058207965,3.079096566976582,1.8374586083260371,1.785799074279255,1.8524923820602872,2.849256201485107,2.6103004792370506,1.656588739940734,1.5730329230965907,1.7091197818874173,2.3522475129057354,3.06438857318841,2.4358869038435644,2.2057590074344704,1.895512771323623,2.392589427442235,2.4420949010628226,2.480568141192835,1.9757305716263627,2.097836530646312,1.4709070836654645,2.195486314481431,1.9393070376897075,1.7054839327276476,2.4453214176237132,2.0634794053771133,,,,,,,,,,,,1.085268263281594,3.911444375916446,2.699278959807192,3.0575836647533245,1.7016365593280156,1.9292856651010375,1.9215737228252958
320,1229.0,1229,3.0829943043124493,2.0406834825061027,2.016273393002441,2.0374288039056143,1.8242473555736372,1.8771358828315703,1.8299430431244914,1.6802278275020341,1.5915378356387306,1.628152969894223,1.6419853539462979,2.5500406834825062,1.7355573637103336,2.0040683482506103,2.1716842961757528,2.2685109845402764,2.2839707078925957,2.3254678600488203,1.690805532953621,2.064279902359642,1.9283970707892595,1.9397884458909682,1.8925956061838893,2.0292921074043937,2.241659886086249,2.0764849471114726,,,,,,,,,,,,1.1798209926769732,3.706655710764174,2.445091514143095,2.785773366418528,1.8329197684036393,2.332220367278798,2.1254152823920265
344,2074.9999998900003,2075,2.540293135774038,2.594757209099184,2.5515106766408095,2.463875691975308,2.386141343003237,2.762673256986458,3.0337819841722204,2.556366807256509,2.0844219030233737,2.2274826070258684,2.577925534989793,2.8695943329421896,2.3785775149633928,2.512857935423017,2.9909511158450117,2.660801784435406,2.675450004269672,2.6673763877517027,2.1346863169582626,2.5751027048129083,2.5155424247062452,2.6160804530056576,2.392443826852102,2.6397054856259294,2.8961211757725773,2.635809921973608,,,,,,,,,,,,1.3656484871653174,3.698685780891729,2.7223058618653044,2.9930252537168403,2.1013205895179863,2.463014604744484,2.4228716906656924
356,1692.0000000129999,1692,3.5790535813687523,3.487181548163617,2.799226879108397,2.7496381568612334,2.8257339952291995,2.8852674709633304,3.0582532325316887,2.784897124045866,2.3019172930010496,2.99380414954213,3.12212125968937,3.3900827386388364,2.900925483059297,2.6178907402336278,3.392179407018966,3.0649243668196537,3.0294832330489943,2.980922545149029,2.601761240953242,2.843306729712319,2.7544090007060587,2.833630444387583,2.5961543477829236,2.8826550961062183,3.051366536562038,2.923671836282952,,,,,,,,,,,,1.1713977823449404,3.8310628346950932,3.0270081194504534,3.0223354218675484,2.1124595616955446,2.5458239117574166,2.158661223041452
360,3199.999999836,3200,3.8336268711166497,3.3642743189880946,2.5272178654207433,2.539018883697674,2.54649976628621,2.8729237966202694,2.9979234455671477,3.134486803885116,2.242877183183615,2.5526932870400896,2.9452660550310465,3.181854225466028,2.973517737819303,2.7164813406718906,3.159915610892331,3.0738653208401905,3.0330517297329593,3.266472023136276,2.6930960542908458,2.8742389172516947,2.865013992855728,2.7242276672670016,2.5409038299886655,2.9588541366761034,3.185336043633085,2.8563073603093128,,,,,,,,,,,,1.0463805624548383,3.6580149285291963,2.677827269109018,2.5115456369072926,1.5957086491013655,2.108647213482924,1.8615886914888296
364,1499.0,1499,3.0489604292421193,3.597979797979798,2.5504032258064515,2.998661311914324,2.490819209039548,3.2771084337349397,3.0161290322580645,2.415043653458697,2.29739010989011,2.645336963921035,2.799062290689886,2.989864864864865,2.8353413654618476,2.432284541723666,2.4989953114534496,2.9599728629579376,2.8402366863905324,3.039570757880617,2.5358807082945014,2.2975206611570247,2.0110091743119267,2.124087591240876,1.6161262050832603,2.0212224108658745,2.837404047452896,2.0246478873239435,3.210095497953615,3.51027397260274,2.59375,2.817433081674674,2.954140999315537,3.2146274777853727,2.819683413626979,3.0772881355932205,3.1837725381414703,2.892443839346494,3.2216216216216216,1.1483957219251337,3.8325550366911276,2.887474882786336,3.03475935828877,1.9852941176470589,2.5945757997218357,2.0068073519400955
368,1200.0,1200,2.7138018628281118,2.99748322147651,2.3243478260869566,2.403074295473954,2.1362372567191845,2.650570676031607,2.3313253012048194,1.7256255392579811,1.4451219512195121,1.4807355516637477,2.08325952170062,2.1660682226211847,1.5781527531083481,1.868421052631579,1.90104662226451,2.0474833808167143,2.1950092421441774,2.4272727272727272,1.8645731108930323,1.8846899224806202,1.9241025641025642,1.9596690796277145,1.8645948945615982,1.9813084112149533,2.311023622047244,2.1123829344432883,,,,,,,,,,,,1.112436115843271,3.92743953294412,3.1180904522613067,3.1463210702341136,1.919931856899489,2.305531167690957,1.9715808170515097
392,1353.0,1353,1.6533333333333333,3.115814696485623,2.7278963414634148,2.679633867276888,2.451923076923077,2.9662317728319265,3.0381493506493507,2.35880933226066,2.176716917922948,2.2378199834847234,2.4340390879478826,2.685413005272408,2.417283950617284,2.530315969257045,2.7503987240829346,2.502254283137962,2.401951219512195,2.304889741131352,2.423357664233577,2.594855305466238,2.540920716112532,2.5416666666666665,2.478442280945758,2.5194444444444444,2.806843267108168,2.5638709677419356,,,,,,,,,,,,1.3559718969555035,3.6986506746626686,2.646215139442231,2.9793735676088615,1.8674588665447898,1.9491525423728813,2.1025641025641026
398,1276.0,1276,3.190135242641209,3.1678657074340526,2.694201747418586,2.768680445151033,2.6243862520458263,2.7888888888888888,2.7693535514764567,2.8854166666666665,2.681451612903226,2.8193548387096774,2.8154952076677318,2.8125996810207337,2.7216,2.5821138211382113,2.628525382755842,2.7074601844090527,2.8178694158075603,2.7860780984719864,2.826278659611993,2.7481884057971016,2.6611265004616804,2.707792207792208,2.5890027958993476,2.652854511970534,2.7295825771324864,2.6537396121883656,,,,,,,,,,,,1.2389162561576355,3.850980392156863,2.8113654301499604,2.8132911392405062,1.8386327503974562,2.261744966442953,2.361952861952862
400,1203.0,1203,2.943541488451668,3.7228714524207014,2.1880415944540728,2.3553648068669526,2.476683937823834,3.6418410041841005,3.245508982035928,2.1896383186705766,1.420824295010846,1.4309734513274337,2.2648361381753763,2.1537753222836096,1.6486486486486487,2.077001013171226,2.2625,2.372013651877133,2.462032085561497,2.514456630109671,1.7936694021101993,1.6224018475750577,1.6183879093198992,1.9290586630286495,1.6051724137931034,1.7577388963660834,2.336351875808538,1.9489489489489489,,,,,,,,,,,,1.1596989966555185,3.8786367414796343,2.987437185929648,3.054908485856905,2.030025020850709,2.4239316239316238,2.294017094017094
404,1266.0,1266,3.3545310015898253,2.722354813046937,2.8141025641025643,2.97366320830008,2.3982011447260834,2.2211538461538463,2.5484387510008006,2.4308681672025725,1.9292107404393817,2.243941841680129,2.492741935483871,2.9412238325281805,2.06957928802589,2.5541090317331165,3.1468699839486356,2.80517380759903,2.7854217854217853,2.933010492332526,2.797173732335827,2.9236514522821575,2.88898836168308,2.7898305084745765,2.5784114052953155,3.1079014443500426,3.176470588235294,2.851439182915506,3.2814029363784667,3.513888888888889,2.490566037735849,2.661488143908422,3.0426929392446636,3.33988533988534,2.5106382978723403,3.1894995898277276,3.152013147082991,2.9084219133278824,2.855980471928397,1.095846645367412,3.752577319587629,2.706677265500795,2.8369132856006365,1.91207034372502,2.388709677419355,2.1248992747784046
410,1245.0,1245,2.5526104417670683,2.533333333333333,2.457028112449799,2.566265060240964,2.4016064257028114,2.5734939759036144,2.623293172690763,2.47710843373494,2.0963855421686746,1.9598393574297188,2.559839357429719,2.6755020080321286,2.6690763052208837,2.3959839357429717,2.755020080321285,2.6803212851405624,2.6329317269076307,2.6329317269076307,2.6160642570281123,2.797590361445783,2.7333333333333334,2.6915662650602408,2.6755020080321286,2.7156626506024097,2.8417670682730924,2.772690763052209,,,,,,,,,,,,1.3293172690763053,3.7951807228915664,2.9028112449799197,2.921285140562249,1.9622489959839358,2.117269076305221,1.97429718875502
417,1199.99999981,1200,3.1137572987749884,2.885935879452557,2.406238817717076,2.5946531250214653,2.4539768306335077,2.419391890408806,2.2531408053872455,2.4711941258220516,2.1228655888940615,2.173799695425339,2.569014959727395,2.691111950470467,2.1420968753268532,2.4642122906015285,2.9278438084800817,2.6785021450106354,2.8211414715295415,2.7764424187863854,2.7393416713101315,2.683443145230516,2.697472100386567,2.5549456224817506,2.2877828997082816,2.833686667535024,2.888528363735604,2.719295991080945,3.3445650614348312,3.650926876702147,2.6603728636015824,2.8494841286344834,3.3375561227761645,3.7395695249293768,2.508294378540757,3.612350537938178,3.6321398523803015,3.2985688662174417,3.3541661073394646,1.1290583129235994,3.868658796738169,3.0559854601949845,2.8960888476208173,1.8836114965536315,2.0700501211253703,2.2917275157237285
422,1200.0,1200,2.4623115577889445,3.4862385321100917,2.0219224283305226,2.1142857142857143,1.9292412617220802,2.6625,2.27455919395466,1.9092436974789917,1.7596638655462185,1.8208578637510513,1.7701441899915182,2.2854700854700853,1.8166383701188455,1.916162489196197,2.052003410059676,1.9896907216494846,2.0941278065630398,2.105531914893617,1.6818572656921753,1.8163793103448276,1.7199281867145422,1.6573741007194245,1.5873015873015872,1.7650224215246637,1.8278985507246377,1.6842105263157894,,,,,,,,,,,,1.0991666666666666,3.808333333333333,2.7042606516290726,2.6513377926421406,1.8881469115191987,2.2947103274559195,2.107292539815591
434,1196.0,1196,3.4130067567567566,2.5012722646310435,1.7237521514629948,1.7966244725738396,1.8299904489016237,2.6008474576271188,2.631126397248495,2.081151832460733,1.3246511627906976,1.5238938053097346,2.2309711286089238,2.369283865401208,1.864620938628159,1.8839622641509435,2.080888888888889,2.094876660341556,2.0726933830382106,2.4332129963898916,1.733826247689464,1.6596136154553818,1.762218045112782,1.7983576642335766,1.4231119199272066,1.7182835820895523,2.3436395759717317,1.851600387972842,3.4210526315789473,3.8675213675213675,2.7936507936507935,2.7895196506550217,3.3160211267605635,3.6955017301038064,2.3637961335676625,3.5403011514614704,3.6845814977973568,2.455021834061135,3.119893428063943,1.092687074829932,3.9120603015075375,3.109060402684564,3.162615255658005,1.9081718618365628,1.8984509466437178,2.00938566552901
446,1023.0,1023,2.5476892822025565,2.8165680473372783,2.5988200589970503,2.575936883629191,2.572556762092794,2.854330708661417,2.883743842364532,2.77755905511811,2.6263627353815657,2.6729064039408867,2.7110453648915187,2.9832512315270936,2.5928853754940713,2.7735849056603774,3.031589338598223,2.8257874015748032,2.8070866141732282,2.8270750988142295,,2.8280632411067192,2.8434093161546086,2.8511904761904763,,2.8856858846918487,2.9596059113300495,2.874505928853755,,,,,,,,,,,,1.43801652892562,3.7478005865102637,2.8715686274509804,3.024461839530333,2.2318271119842827,2.362475442043222,2.332023575638507
458,1313.0,1313,3.2027439024390243,2.9382621951219514,2.344774980930587,2.375,2.6402439024390243,2.6867378048780486,2.7667682926829267,2.482469512195122,2.1731502669717773,2.3600305110602595,2.6735316552250192,2.9969512195121952,2.3689024390243905,2.682200152788388,2.9213740458015267,2.9396946564885496,2.8914373088685017,2.9373567608861726,2.6646294881589,2.6019862490450727,2.5194805194805197,2.641711229946524,2.521406727828746,2.6166794185156848,2.908186687069625,2.6518745218056616,,,,,,,,,,,,1.1957349581111958,3.7242955064737244,2.8118811881188117,3.012947448591013,1.8804265041888804,2.4836252856054837,2.1782178217821784
462,1039.0,1039,3.046376811594203,3.022200772200772,2.0125847047434657,2.1159420289855073,2.5343811394891946,2.7524084778420037,2.28792270531401,2.0348499515972893,1.5374149659863945,1.62015503875969,2.396702230843841,3.010689990281827,2.0866601752677703,2.3217054263565893,2.949563530552861,2.688780487804878,2.686465433300876,2.9514563106796117,2.613478691774034,2.62109375,2.599502487562189,2.5023640661938535,2.366178428761651,2.7839643652561246,3.03781512605042,2.6529126213592233,,,,,,,,,,,,1.213242453748783,3.78055822906641,2.8849129593810443,3.034715525554484,1.6673132880698351,1.8333333333333333,2.070588235294118
484,1741.1440705129999,1741,2.8294306281174717,2.542481125424519,1.9746200179686269,1.98870059879768,1.7609851350990957,1.8078962073319644,1.8323388095340931,1.6794903882116619,1.5065553469177448,1.6258339073362114,1.6426870194867536,2.7123749424479047,1.75306283483111,2.067733590505351,2.109853837634041,2.163026177623803,2.544627691930189,2.4042023977029583,2.1107255007320513,2.1819474781939023,2.0400334067401693,2.02592883049141,1.9575651328486467,2.0486926500511795,2.4066483221606236,2.1776111402442777,,,,,,,,,,,,1.1050527807755783,3.640320707097211,2.4864701149004493,2.364404466847247,1.587599049228223,2.0281082846154117,1.825731876615011
496,1638.0000000969999,1638,2.019193424404922,2.446579239691139,2.310689234939882,2.5813644174218995,2.2579249583035987,2.501970081428468,2.3291053895725202,2.347342934836893,1.9418459554361445,2.127382518757313,2.3577274991150747,2.5238289505508087,2.200139645406012,2.2116255101202293,2.4213594576179838,2.3121061953611473,2.3408365088215084,2.385011562830226,2.1971327678285015,2.5610646783926394,2.414635282946235,2.3291370317799784,2.2836270832616137,2.521503246399495,2.6221116905892368,2.4740341648875526,,,,,,,,,,,,1.2605142276117325,3.7526871806923014,2.9285498918833524,2.931020101533999,2.0394254113883856,1.991565040096348,1.9030497193232017
504,1200.0,1200,2.8916666666666666,2.74,2.0725,2.1241666666666665,2.04,2.5025,2.3091666666666666,1.9825,1.9033333333333333,1.96,2.2158333333333333,2.379166666666667,2.075833333333333,2.1158333333333332,2.254166666666667,2.365,2.328333333333333,2.388333333333333,2.111666666666667,2.1416666666666666,2.0966666666666667,2.1466666666666665,2.111666666666667,2.158333333333333,2.234166666666667,2.2591666666666668,3.6133333333333333,3.6625,2.8341666666666665,2.6858333333333335,2.8125,3.1575,2.5975,2.9858333333333333,3.297979797979798,2.861666666666667,2.82,1.165,3.5775,2.674166666666667,2.7241666666666666,2.03,2.0933333333333333,2.089166666666667
528,2145.0,2145,1.9894091415830546,2.6200112422709387,2.243927125506073,2.2137755102040817,2.415786548082268,2.768188660311089,2.7463512833417214,2.129258517034068,1.9523568170299037,2.173890063424947,2.2273449920508743,2.9303455723542116,2.5364982133741707,2.228602383531961,2.229253112033195,2.470684039087948,2.517776341305753,2.452665941240479,2.232809962100704,2.4452433628318584,2.373324396782842,2.691661667666467,2.5740181268882174,2.413510101010101,2.629281767955801,2.4096306068601585,,,,,,,,,,,,1.6120556414219473,3.7869415807560136,3.2530800821355235,3.574110671936759,2.6701680672268906,2.9864066193853427,2.956043956043956
554,1057.0,1057,2.2699896157840085,3.109090909090909,2.1530815109343937,2.2354709418837677,2.1876430205949657,3.2160312805474094,2.8883349950149553,2.5514780835881754,2.09783728115345,2.411764705882353,2.55307855626327,2.943496801705757,2.8201219512195124,2.367456896551724,2.4294354838709675,2.657922350472193,2.851553509781358,2.7968253968253967,,2.5262569832402235,2.345985401459854,2.55,,2.325648414985591,2.784747847478475,2.4373219373219372,,,,,,,,,,,,1.5950248756218905,3.7866149369544133,3.057459677419355,3.4897560975609756,2.4819148936170214,2.8327272727272725,2.8536866359447006
558,1200.0,1200,3.0075,1.9375,1.9208333333333334,2.0175,1.7325,2.045,1.9775,2.0641666666666665,1.7075,1.8141666666666667,1.7916666666666667,2.513333333333333,1.9925,2.015,2.245833333333333,2.660833333333333,2.533333333333333,2.5616666666666665,,2.0858333333333334,2.200833333333333,2.1308333333333334,1.9508333333333334,2.265,2.8091666666666666,2.5033333333333334,3.1319890009165903,3.4356884057971016,2.910845588235294,2.8806921675774135,3.1318477251624883,3.495890410958904,2.4784995425434584,3.182488479262673,3.3000931966449207,3.254377880184332,3.0628465804066543,1.0425,3.4433333333333334,2.2333333333333334,2.54,1.5508333333333333,2.0866666666666664,1.6641666666666666
566,1237.0813664,1237,3.5561035064894884,2.6267529164161463,2.605743402414267,2.7443960415820556,2.490733504106135,1.9408648897964433,2.37607996909042,2.302835655724091,2.1023318638756128,2.1757064518272142,2.4612317384996194,2.9192398141410036,2.2149484839258795,2.6117347696161035,2.989905041813045,2.6419974768794567,2.6600451820622757,2.8856535695829804,2.61687754785805,2.684298970162576,2.642276726734405,2.518478725835226,2.427108849861901,2.993984032102582,3.1205648630408827,2.741396197279171,,,,,,,,,,,,1.1308293227548525,3.4699643280329644,2.698991556752044,2.6583198747453345,1.9739183227369492,2.289535844818718,2.07354351413477
586,1995.0,1995,3.846076458752515,3.717599596570852,2.5576719576719578,2.619762027935851,2.774121583937535,2.2182377049180326,2.7268518518518516,2.7092488502810426,2.2354166666666666,2.4878183831672205,2.5804077010192525,3.2751540041067764,2.6664893617021277,2.616461366181411,3.062794348508634,2.6222606689734715,2.575147928994083,2.7926345609065155,2.376770538243626,2.402877697841727,2.295364238410596,2.227146814404432,2.1307565789473686,2.4023383768913344,2.511000709723208,2.3508634222919937,,,,,,,,,,,,1.234967155128853,3.7007042253521125,3.0231504781077,3.1426403641881637,2.035007610350076,1.9255813953488372,1.8516746411483254
604,1399.9999998869998,1400,2.7791376499188463,2.2090306223779574,1.973116516419223,2.0115690755479414,1.7249320051469055,1.9282331307963416,1.4930463084863885,1.5390686770662063,1.3422633914211899,1.2850153516383573,1.4376828431381117,2.5974752539741033,1.754279238646187,1.9916568557661596,2.123467750683108,2.314575405408029,2.4194304845117074,2.372227599217839,2.141589629082984,2.179393256894645,1.6171108715168745,1.5643353266548397,,,,,,,,,,,,,,,,1.0417322232165194,3.616378221818402,2.1268849048672878,2.2027708151898704,1.5036979979640057,1.9041234807769836,1.6318129463321798
608,1200.0000182999997,1200,3.6353668897500286,3.058962067582496,2.9072884807988513,3.101745371233437,2.7687835565203254,3.1500738332163745,3.0826228729425016,3.1513297865722216,2.713500812481613,2.8571659316957203,2.969312022472486,3.1778984224807902,2.835353648672159,2.775867796021829,3.1072384651562226,3.0807213054915046,3.185307833971625,3.216381812245743,2.9019578818485994,2.9300982066559573,2.7530600766716034,2.744127388551581,2.5503101724106765,2.9403646898971605,3.1515452586140222,2.8687472964316556,2.9623560604190704,3.3205196275454094,3.1114649316351604,3.127650256603334,2.960884955819005,3.4246206822218492,2.9507604149917377,3.0526508884570744,2.869450596731325,2.9630581100175313,3.1957241466393738,1.0533988636538183,3.819197324559741,2.9091726508976175,2.9851899049734776,2.0778983405412172,2.3400332191186606,2.1085423892172286
630,1127.0,1127,2.9839715048975957,2.6812891674127126,2.13125,2.1493738819320214,1.8736462093862816,2.4905998209489706,2.2126126126126127,1.693620844564241,1.5004508566275925,1.655813953488372,1.760948905109489,3.224526600541028,1.8474114441416893,2.2730560578661843,2.471014492753623,2.920934411500449,2.9918845807033363,3.056007226738934,2.1630321910695742,2.5069252077562325,2.2053486150907355,2.212295869356388,2.215228426395939,2.220419847328244,2.7239488117001827,2.414364640883978,,,,,,,,,,,,1.17831541218638,3.5533807829181496,2.867437722419929,3.065836298932384,1.8983050847457628,2.631720430107527,2.5771992818671454
642,1257.000000002,1257,3.0075207781900555,2.955567946821169,2.083052447964901,2.1699769221933494,1.8733040614085796,2.4456001037618975,2.239001762740452,1.8326503131561236,1.5486195246287846,1.633400229777091,1.9660402939865624,2.6209551058844216,1.8662235598319972,2.039524480873579,1.9238606332172323,2.0937150168374017,2.2714958374860976,2.4120924773457366,2.3495586645839266,2.29025217267561,1.8661290285201435,2.2306050192158513,2.261646035167805,2.0409033650003576,2.3831036431692154,2.100146870229327,,,,,,,,,,,,1.1155176042743442,3.7429980276669483,2.385984150975769,2.656910834139147,1.7129752754247383,2.098210530058994,2.0218101127809525
643,1810.1417138279999,1810,2.752752840255422,3.0721310191533546,2.1731681607941042,2.304472846764156,2.1858285414397765,2.456555018645102,2.3959521204951253,2.522033896145997,2.126505938781186,2.2689603550597517,2.597311180982761,2.802258603646203,2.336456490428161,2.3026554501774967,2.3045666134525966,2.4713232407156003,2.4822168862968264,2.4635273653280407,2.248281258828295,1.9799607507965864,1.9717712913941186,2.0887362956553845,1.6827478594937213,1.9920263480288924,2.257184914457694,2.074272554507687,,,,,,,,,,,,1.2355712221143293,3.8215367532113027,2.848401780667071,2.950598457829185,1.947928140283622,2.215885452425448,2.241952209479386
688,1046.0,1046,2.646771037181996,2.745310957551826,1.8651574803149606,1.9637254901960783,1.8211297071129706,2.289525691699605,2.0657229524772496,1.9457523029682702,1.607621009268795,1.7604166666666667,1.914672216441207,2.4950396825396823,1.9305263157894736,2.1261171797418075,2.0533736153071502,2.2533062054933874,2.1692954784437433,2.2372372372372373,1.8331637843336723,1.7487019730010385,1.7246531483457843,1.6516613076098607,1.4994742376445847,1.7281153450051494,1.9607032057911065,1.8106139438085327,,,,,,,,,,,,1.1661807580174928,3.835101253616201,2.794088669950739,3.0443587270973964,2.0390625,2.4422507403751235,2.4383020730503455
702,2012.00000155,2012,2.677022684194005,3.0328002156708678,2.5727609249785237,2.590325689530073,2.530477628191057,3.1039484012586223,3.029311071448496,3.0022641919212347,2.5693361891947206,2.832312083779242,2.934236126475732,2.986854519593073,2.7892180254939385,2.608527534720531,2.9191352407298994,2.8067258620277844,2.729111215626825,2.6467728127834627,2.5702836646549647,2.5322384918463374,2.5626009538894405,2.6442814717595815,2.3867693709723543,2.5354886586457246,2.796236782972287,2.5954187796763653,,,,,,,,,,,,1.3462187064480788,3.76035964476934,2.844834355181122,3.1113999686888247,1.989217371630515,2.476293351015019,2.3712865099899507
703,1200.0000000109999,1200,2.4704722880557854,2.5809397634346634,2.1520277317279435,2.311229586114162,2.332481663190823,2.452145290512712,2.21051626765198,1.838669495379882,1.7926304429611335,1.8422469578441272,2.461718147483954,2.869006589866031,2.6105800655983358,2.462691173093079,2.568014617240604,2.4995425307943777,2.524346659861116,2.6481804159718547,2.4141707391329903,2.40354141551197,2.405372086310216,2.505100124849107,2.190557713123948,2.4525626641874316,2.470735514930137,2.3958143422840377,,,,,,,,,,,,1.2200527629033744,3.684500410183431,2.982822983827092,3.0061875014924437,2.1312498066874603,2.3980346034095534,2.2847163917636504
704,1200.0,1200,3.142375737152485,3.2240204429301533,2.871295512277731,3.0911371237458196,3.065047701647875,3.159798149705635,3.2008510638297873,3.297113752122241,3.2020287404902787,3.2693631669535286,2.980189491817399,3.177872340425532,3.082976903336185,2.9486062717770034,3.1396933560477,3.061962134251291,3.1539115646258504,3.0553191489361704,3.1218836565096955,3.1688432835820897,3.128805620608899,3.2388059701492535,3.0847665847665846,3.2103487064116987,3.3728813559322033,3.2701793721973096,3.1222123104371096,3.2371225577264653,3.2788374205267936,3.48861646234676,2.7066666666666666,2.9592559787422497,3.252017937219731,2.681159420289855,2.662748643761302,3.2046889089269612,3.5674955595026643,1.2766666666666666,3.9325,3.005,2.8666666666666667,2.1275,2.2683333333333335,2.1533333333333333
716,1215.0,1215,3.028830313014827,2.5399334442595674,2.1186868686868685,2.2663316582914574,2.4723874256584537,2.509075907590759,2.5074750830564785,2.4693708609271523,2.0142259414225943,2.3014950166112955,2.5041528239202657,3.1485477178423236,2.24729392173189,2.6627615062761505,2.4342762063227954,2.745531914893617,2.873534338358459,3.112769485903814,2.6978354978354977,2.8062283737024223,2.7675925925925924,2.7297047970479706,2.433333333333333,2.8315018315018317,3.2237885462555065,2.810138248847926,3.292929292929293,3.4410041841004184,2.7117497886728654,2.7313182199832076,3.0883838383838382,3.4346733668341707,2.588581024349286,3.2506307821698908,3.221940928270042,2.7784330244313393,2.9788672865595944,1.0214168039538716,3.724052718286656,2.7588769611890998,2.737015663643858,1.8744838976052849,2.4987572493786248,2.172901080631754
762,1200.0,1200,3.201219512195122,3.347750865051903,2.7908847184986594,3.022861981371719,2.7161016949152543,3.2018981880931836,3.170157068062827,3.4308736217133164,2.871559633027523,3.2772364924712134,3.124661246612466,3.1751951431049434,3.365748709122203,2.7449856733524354,2.9053461875547764,2.770038167938931,2.95532319391635,2.8134469696969697,2.776271186440678,2.8434504792332267,2.75765306122449,2.6390041493775933,2.152263374485597,2.8930041152263373,2.991471215351812,2.760514018691589,2.8733333333333335,3.111666666666667,3.243333333333333,3.7116666666666664,2.505,2.895,3.5825,2.430833333333333,2.6575,3.1758333333333333,3.8175,1.2058333333333333,3.941666666666667,3.0033333333333334,2.7425,1.5841666666666667,1.5758333333333334,1.7091666666666667
764,1499.890815113,1500,2.9663239110272963,2.655662846317928,2.581060972658842,2.648348824942316,2.589745366970951,2.5421781173214018,2.9095564696770295,2.582270809662425,2.335154929850959,2.5560883734903825,2.69701296573332,3.033780238771223,2.6683445791693376,2.6065899619691018,3.0696973661089197,2.814540457469688,2.8596819862201883,2.801878446081512,2.7623582358423437,2.711467624166419,2.7510390993778433,2.715404671364954,2.703923281292704,2.8209843841911106,2.8502517654191517,2.774354957676819,,,,,,,,,,,,1.3057333369685,3.8206965448169816,3.073575216889558,2.988589828596381,2.071443447998024,2.237285801164069,2.123382618664525
788,1208.0,1208,2.540722082283795,3.0521446593776282,2.0033898305084747,2.0661087866108785,1.9131205673758864,2.464255677039529,2.4511986301369864,1.5954391891891893,1.4362869198312236,1.4873096446700507,1.9718909710391823,2.4845890410958904,1.706792777300086,1.961913197519929,2.0323426573426575,2.305084745762712,2.265478424015009,2.4097605893186005,1.7475538160469668,1.5667976424361494,1.5446247464503042,1.701271186440678,1.5226519337016575,1.6438631790744467,2.1024590163934427,1.8606911447084233,,,,,,,,,,,,1.1424914675767919,3.6011656952539552,2.8006644518272426,2.7908713692946057,2.037375415282392,2.0645431684828166,2.0575959933222037
792,2415.0,2415,2.871374527112232,3.29581589958159,2.3326342281879193,2.415236500627878,2.383222958057395,3.184814351272424,2.9275544388609713,2.8636363636363638,2.4961799660441426,2.6328790459965927,2.6791648913506605,2.816580756013746,2.6517094017094016,2.4496527777777777,2.2938671209540034,2.510722100656455,2.609381850065761,2.598621877691645,2.1186514886164622,2.1310314298362107,2.0854545454545454,2.277151870211807,2.0713954566527586,2.182277318640955,2.4755656108597286,2.2372484791764156,,,,,,,,,,,,1.1426160337552742,3.7932034811438045,2.9858803986710964,2.775425487754255,1.9987541528239203,2.155613350671868,2.130116329168462
804,1288.999999947,1289,2.8917869698825687,2.9017581205325746,2.078801342703506,2.1011973657414367,1.9751544897631639,2.1938463037718994,1.8474746497370103,1.842207278967825,1.7747334323816444,1.7638641777675619,2.160149297181915,2.5036073280186253,2.266158095063808,2.2839244652894135,2.130878915133054,2.2952241219306617,2.3717894655529403,2.5149912171078603,2.406290282479629,2.5339256726823924,2.138547499686041,2.315741339366804,2.2376414519891377,2.214616329633991,2.422329461630902,2.349050425130212,,,,,,,,,,,,1.3089173160834835,3.7641655823713522,2.8667105820485888,2.8229446726297645,2.0529805265375862,2.3762042422831824,2.390847779145027
818,1200.0,1200,2.9735720375106562,,1.594746716697936,1.9452054794520548,1.605849582172702,,,,1.298745724059293,1.540485829959514,1.9053926206244087,2.0447941888619856,,2.074412532637076,2.6981541802388707,1.6769456681350954,1.8003169572107764,2.4919441460794842,1.7182235834609494,1.284497444633731,1.4210526315789473,1.5591939546599496,1.200657894736842,1.5301724137931034,1.9313131313131313,1.575197889182058,,,,,,,,,,,,1.073517126148705,3.9266666666666667,3.190158465387823,3.3402835696413677,1.903523489932886,2.464406779661017,1.8507067137809188
826,2609.000000287,2609,2.3605497800120623,3.116186691226932,1.8319146343107657,2.109662595730048,2.3029723049250035,2.7775420710023386,2.7620113199619496,1.9866741843868159,1.8783867842572715,2.0030906905681927,2.490079766117015,2.857827782226672,2.5838320631107967,2.306058198184632,2.548585047515175,2.746105971850177,2.8604297515090984,2.8929931629792858,2.3293397871622212,2.5751224376718693,2.31816499601874,2.541781531076813,2.7092309341080525,2.3847207185740675,2.8642309338333773,2.5068578025158317,,,,,,,,,,,,1.4612536538765906,3.777967181332606,3.034750740247834,3.4740630740976806,2.4570449678118558,2.9654533042845297,2.9858415405543415
840,2596.00000001,2596,2.5555363981467942,3.1126324686303795,2.111117813131317,2.0835233116152296,2.229868984560136,2.830896879074262,2.6232367027737964,2.1276014367100187,1.887837262229537,1.9299141158108961,2.356092483620631,2.5430527075580684,2.313225197469002,2.2007881379287766,2.3722407160870236,2.556670013824755,2.573741681636332,2.6938878858435413,2.268376573963254,2.368653083499451,2.1823802559175647,2.261607426691389,2.4492988891965637,2.2117084087975343,2.552988420219873,2.2686364791466658,,,,,,,,,,,,1.3718209032083428,3.5281046824281432,2.7643884202751203,3.1917932161512947,2.2301934737031806,2.7865463597163345,2.776338017232631
858,999.9999999979999,1000,2.209397886315145,2.5678881718965205,2.052882767299175,2.00284407371605,1.9889016472333318,2.91323776999144,2.7281947475920565,2.5590373065991803,2.0226487987054433,2.3430993867137833,2.505473078197172,3.3475247582766046,2.989803403035121,2.456923453024364,2.778783081863898,2.916268484813683,2.9773234086512366,3.0547495293856812,2.2577883360140603,2.418743347520345,2.196467726088757,2.3843669709262523,2.0882621883447756,2.316237356855598,2.9927762057932283,2.5145162160626082,,,,,,,,,,,,1.145690172991369,3.5804304047499125,2.6365877302595098,2.954414828429142,1.803074813333237,2.2779277553090282,2.27925675103304
860,1250.0,1250,3.3165584415584415,3.607890499194847,2.879032258064516,2.861513687600644,2.734929810074319,3.261501210653753,3.1492659053833605,3.2851340373679934,2.8517298187808895,3.043010752688172,3.0965125709651256,2.9991902834008095,3.036065573770492,2.779253112033195,2.864227642276423,2.6985726280436606,2.878457669740151,2.77427597955707,2.967798085291558,2.9648814749780508,2.8189189189189188,2.852994555353902,2.616022099447514,2.8389140271493214,2.93368700265252,2.8221814848762605,,,,,,,,,,,,1.3471074380165289,3.8097913322632424,2.8004827031375705,2.572925060435133,1.8139723801787164,1.9830508474576272,2.0972104818258663
862,1190.0,1190,2.946218487394958,1.884873949579832,2.0428571428571427,2.1546218487394957,1.622689075630252,1.718487394957983,1.7521008403361344,1.6907563025210084,1.6277310924369748,1.6605042016806724,1.7529411764705882,2.6403361344537815,1.8319327731092436,2.2663865546218487,2.302521008403361,2.3336134453781514,2.4596638655462186,2.477310924369748,1.8747899159663866,1.9294117647058824,1.8711151736745886,1.866916588566073,1.7887189292543022,1.9299539170506912,2.4281984334203655,2.054005400540054,3.5831932773109245,3.7831932773109243,2.584873949579832,2.553781512605042,3.2554621848739496,3.577310924369748,2.5285714285714285,3.410924369747899,3.5588235294117645,2.8663865546218488,2.7058823529411766,1.142016806722689,3.642016806722689,2.6218487394957983,2.5747899159663867,1.7478991596638656,2.157142857142857,1.9983193277310924
909,447.00000000200004,447,2.41613324208023,2.7752722062582365,1.8469134861913596,2.0408464857550226,2.4281135866609844,2.7494358686686287,2.7400400345688887,1.8554116598017252,1.7439665204572397,1.7878919196397907,2.55872869821326,2.9387117410865478,2.4561616760155496,2.2204521711535032,2.454584376920308,2.771547849212504,2.9272619202234234,2.7825339108958707,2.367029004498592,2.570518396739637,2.2330807001248916,2.5478411096384197,2.6512225893378254,2.279114969137716,2.8378241494446392,2.408465573375785,,,,,,,,,,,,1.3980109680255286,3.7863367226175204,3.1660663596849075,3.486902836469654,2.400402613632666,3.006362434820758,2.9152492677738633
