id,org_question_number,question_text,institution,statement,scale_1,scale_2,scale_3,scale_4,scale_5,reverse_coded,variation
trust_1,Q64,"I am going to name a number of organizations. For each one, could you tell me how much confidence you have in them: is it a great deal of confidence, quite a lot of confidence, not very much confidence or none at all?",The churches,,A great deal,Quite a lot,Not very much,None at all,,,0
trust_2,Q65,"I am going to name a number of organizations. For each one, could you tell me how much confidence you have in them: is it a great deal of confidence, quite a lot of confidence, not very much confidence or none at all?",The armed forces,,A great deal,Quite a lot,Not very much,None at all,,,0
trust_3,Q66,"I am going to name a number of organizations. For each one, could you tell me how much confidence you have in them: is it a great deal of confidence, quite a lot of confidence, not very much confidence or none at all?",The press,,A great deal,Quite a lot,Not very much,None at all,,,0
trust_4,Q67,"I am going to name a number of organizations. For each one, could you tell me how much confidence you have in them: is it a great deal of confidence, quite a lot of confidence, not very much confidence or none at all?",Television,,A great deal,Quite a lot,Not very much,None at all,,,0
trust_5,Q68,"I am going to name a number of organizations. For each one, could you tell me how much confidence you have in them: is it a great deal of confidence, quite a lot of confidence, not very much confidence or none at all?",Labor unions,,A great deal,Quite a lot,Not very much,None at all,,,0
trust_6,Q69,"I am going to name a number of organizations. For each one, could you tell me how much confidence you have in them: is it a great deal of confidence, quite a lot of confidence, not very much confidence or none at all?",The police,,A great deal,Quite a lot,Not very much,None at all,,,0
trust_7,Q70,"I am going to name a number of organizations. For each one, could you tell me how much confidence you have in them: is it a great deal of confidence, quite a lot of confidence, not very much confidence or none at all?",The courts,,A great deal,Quite a lot,Not very much,None at all,,,0
trust_8,Q71,"I am going to name a number of organizations. For each one, could you tell me how much confidence you have in them: is it a great deal of confidence, quite a lot of confidence, not very much confidence or none at all?",The government,,A great deal,Quite a lot,Not very much,None at all,,,0
trust_9,Q72,"I am going to name a number of organizations. For each one, could you tell me how much confidence you have in them: is it a great deal of confidence, quite a lot of confidence, not very much confidence or none at all?",Political parties,,A great deal,Quite a lot,Not very much,None at all,,,0
trust_10,Q73,"I am going to name a number of organizations. For each one, could you tell me how much confidence you have in them: is it a great deal of confidence, quite a lot of confidence, not very much confidence or none at all?",Parliament,,A great deal,Quite a lot,Not very much,None at all,,,0
trust_11,Q74,"I am going to name a number of organizations. For each one, could you tell me how much confidence you have in them: is it a great deal of confidence, quite a lot of confidence, not very much confidence or none at all?",The civil service,,A great deal,Quite a lot,Not very much,None at all,,,0
trust_12,Q75,"I am going to name a number of organizations. For each one, could you tell me how much confidence you have in them: is it a great deal of confidence, quite a lot of confidence, not very much confidence or none at all?",Universities,,A great deal,Quite a lot,Not very much,None at all,,,0
trust_13,Q76,"I am going to name a number of organizations. For each one, could you tell me how much confidence you have in them: is it a great deal of confidence, quite a lot of confidence, not very much confidence or none at all?",Elections,,A great deal,Quite a lot,Not very much,None at all,,,0
trust_14,Q77,"I am going to name a number of organizations. For each one, could you tell me how much confidence you have in them: is it a great deal of confidence, quite a lot of confidence, not very much confidence or none at all?",Major companies,,A great deal,Quite a lot,Not very much,None at all,,,0
trust_15,Q78,"I am going to name a number of organizations. For each one, could you tell me how much confidence you have in them: is it a great deal of confidence, quite a lot of confidence, not very much confidence or none at all?",Banks,,A great deal,Quite a lot,Not very much,None at all,,,0
trust_16,Q79,"I am going to name a number of organizations. For each one, could you tell me how much confidence you have in them: is it a great deal of confidence, quite a lot of confidence, not very much confidence or none at all?",Environmental organizations,,A great deal,Quite a lot,Not very much,None at all,,,0
trust_17,Q80,"I am going to name a number of organizations. For each one, could you tell me how much confidence you have in them: is it a great deal of confidence, quite a lot of confidence, not very much confidence or none at all?",Women's organizations,,A great deal,Quite a lot,Not very much,None at all,,,0
trust_18,Q81,"I am going to name a number of organizations. For each one, could you tell me how much confidence you have in them: is it a great deal of confidence, quite a lot of confidence, not very much confidence or none at all?",Charitable or humanitarian organizations,,A great deal,Quite a lot,Not very much,None at all,,,0
trust_19,Q82,"I am going to name a number of organizations. For each one, could you tell me how much confidence you have in them: is it a great deal of confidence, quite a lot of confidence, not very much confidence or none at all?",The European Union,,A great deal,Quite a lot,Not very much,None at all,,,0
trust_20,Q83,"I am going to name a number of organizations. For each one, could you tell me how much confidence you have in them: is it a great deal of confidence, quite a lot of confidence, not very much confidence or none at all?",The United Nations,,A great deal,Quite a lot,Not very much,None at all,,,0
trust_21,Q84,"I am going to name a number of organizations. For each one, could you tell me how much confidence you have in them: is it a great deal of confidence, quite a lot of confidence, not very much confidence or none at all?",The International Monetary Fund (IMF),,A great deal,Quite a lot,Not very much,None at all,,,0
trust_22,Q85,"I am going to name a number of organizations. For each one, could you tell me how much confidence you have in them: is it a great deal of confidence, quite a lot of confidence, not very much confidence or none at all?",International Criminal Court (ICC),,A great deal,Quite a lot,Not very much,None at all,,,0
trust_23,Q86,"I am going to name a number of organizations. For each one, could you tell me how much confidence you have in them: is it a great deal of confidence, quite a lot of confidence, not very much confidence or none at all?",The North Atlantic Treaty Organization (NATO),,A great deal,Quite a lot,Not very much,None at all,,,0
trust_24,Q87,"I am going to name a number of organizations. For each one, could you tell me how much confidence you have in them: is it a great deal of confidence, quite a lot of confidence, not very much confidence or none at all?",The World Bank,,A great deal,Quite a lot,Not very much,None at all,,,0
trust_25,Q88,"I am going to name a number of organizations. For each one, could you tell me how much confidence you have in them: is it a great deal of confidence, quite a lot of confidence, not very much confidence or none at all?",The World Health Organization (WHO),,A great deal,Quite a lot,Not very much,None at all,,,0
trust_26,Q89,"I am going to name a number of organizations. For each one, could you tell me how much confidence you have in them: is it a great deal of confidence, quite a lot of confidence, not very much confidence or none at all?",The World Trade Organization (WTO),,A great deal,Quite a lot,Not very much,None at all,,,0
trust_27,Q292,Do you agree or disagree with the following statements?,,A. I am unsure whether to believe most politicians,Disagree strongly,Disagree,Neither agree nor disagree,Agree,Agree strongly,1,0
trust_28,Q292,Do you agree or disagree with the following statements?,,B. I am usually cautious about trusting politicians,Disagree strongly,Disagree,Neither agree nor disagree,Agree,Agree strongly,1,0
trust_29,Q292,Do you agree or disagree with the following statements?,,"C. In general, politicians are open about their decisions",Disagree strongly,Disagree,Neither agree nor disagree,Agree,Agree strongly,0,0
trust_30,Q292,Do you agree or disagree with the following statements?,,"D. In general, the government usually does the right thing",Disagree strongly,Disagree,Neither agree nor disagree,Agree,Agree strongly,0,0
trust_31,Q292,Do you agree or disagree with the following statements?,,E. Information provided by the government is generally unreliable,Disagree strongly,Disagree,Neither agree nor disagree,Agree,Agree strongly,1,0
trust_32,Q292,Do you agree or disagree with the following statements?,,F. It is best to be cautious about trusting the government,Disagree strongly,Disagree,Neither agree nor disagree,Agree,Agree strongly,1,0
trust_33,Q292,Do you agree or disagree with the following statements?,,G. Most politicians are honest and truthful,Disagree strongly,Disagree,Neither agree nor disagree,Agree,Agree strongly,0,0
trust_34,Q292,Do you agree or disagree with the following statements?,,H. People in the government often show poor judgement,Disagree strongly,Disagree,Neither agree nor disagree,Agree,Agree strongly,1,0
trust_35,Q292,Do you agree or disagree with the following statements?,,I. Politicians are often incompetent and ineffective,Disagree strongly,Disagree,Neither agree nor disagree,Agree,Agree strongly,1,0
trust_36,Q292,Do you agree or disagree with the following statements?,,K. Politicians often put country above their personal interests,Disagree strongly,Disagree,Neither agree nor disagree,Agree,Agree strongly,0,0
trust_37,Q292,Do you agree or disagree with the following statements?,,O. The government usually has good intentions,Disagree strongly,Disagree,Neither agree nor disagree,Agree,Agree strongly,0,0